NMEA Sentence Code,UTC Time,Status,Latitude,Latitude Direction,Longitude,Longitude Direction,Speed (knots),Track Angle (degrees true),Date,MagneticVariation,Magnetic Variation Direction,[FAA Mode]-Optional,Checksum
$GPRMC,150653.20,A,3347.619628,N,11713.797401,W,56.4,157.2,170910,,,A*7A
$GPRMC,150656.20,A,3347.578666,N,11713.771666,W,56.0,151.0,170910,,,A*7A
$GPRMC,150659.20,A,3347.540936,N,11713.740436,W,55.9,144.0,170910,,,A*7F
$GPRMC,150703.20,A,3347.497893,N,11713.690210,W,54.7,134.0,170910,,,A*72
$GPRMC,150707.20,A,3347.460327,N,11713.633912,W,55.7,129.0,170910,,,A*77
$GPRMC,150710.20,A,3347.431547,N,11713.589160,W,57.4,127.8,170910,,,A*7D
$GPRMC,150713.90,A,3347.393183,N,11713.531424,W,58.5,128.2,170910,,,A*7B
$GPRMC,150716.90,A,3347.362104,N,11713.486502,W,57.8,128.6,170910,,,A*71
$GPRMC,150719.90,A,3347.331968,N,11713.442869,W,57.6,129.1,170910,,,A*7A
