NMEA Sentence Code,UTC Time,Status,Latitude,Latitude Direction,Longitude,Longitude Direction,Speed (knots),Track Angle (degrees true),Date,MagneticVariation,Magnetic Variation Direction,[FAA Mode]-Optional,Checksum
$GPRMC,215806.91,A,3315.3121,N,11724.4783,W,8.622,294.670,121110,0,W,A*25
$GPRMC,215809.91,A,3315.3122,N,11724.4896,W,13.699,249.814,121110,0,W,A*14
$GPRMC,215812.91,A,3315.3031,N,11724.5034,W,19.421,222.313,121110,0,W,A*16
$GPRMC,215815.91,A,3315.2918,N,11724.5204,W,23.878,234.719,121110,0,W,A*13
$GPRMC,215818.91,A,3315.2803,N,11724.5423,W,26.304,236.864,121110,0,W,A*14
