NMEA Sentence Code,UTC Time,Status,Latitude,Latitude Direction,Longitude,Longitude Direction,Speed (knots),Track Angle (degrees true),Date,MagneticVariation,Magnetic Variation Direction,[FAA Mode]-Optional,Checksum
$GPRMC,020154.37,A,3311.3379,N,11717.7914,W,16.322,225.969,141110,0,W,A*1A
$GPRMC,020157.37,A,3311.3298,N,11717.8062,W,17.967,242.266,141110,0,W,A*1F
$GPRMC,020200.37,A,3311.3220,N,11717.8232,W,20.035,237.406,141110,0,W,A*12
$GPRMC,020203.37,A,3311.3123,N,11717.8421,W,21.271,237.688,141110,0,W,A*12
$GPRMC,020206.37,A,3311.3025,N,11717.8601,W,20.922,238.145,141110,0,W,A*15
$GPRMC,020209.37,A,3311.2943,N,11717.8759,W,15.645,238.169,141110,0,W,A*18
$GPRMC,020212.37,A,3311.2884,N,11717.8868,W,9.986,236.450,141110,0,W,A*29
$GPRMC,020221.37,A,3311.2840,N,11717.8961,W,5.426,225.417,141110,0,W,A*23
$GPRMC,020224.37,A,3311.2764,N,11717.8975,W,11.916,174.839,141110,0,W,A*16
